a:4:{s:4:"Name";s:1:"a";s:5:"Email";s:11:"z@gmail.com";s:7:"Sprache";s:2:"de";s:11:"Datenschutz";s:2:"Ja";}
a:4:{s:4:"Name";s:1:"b";s:5:"Email";s:11:"y@gmail.com";s:7:"Sprache";s:2:"de";s:11:"Datenschutz";s:2:"Ja";}
a:4:{s:4:"Name";s:1:"c";s:5:"Email";s:11:"x@gmail.com";s:7:"Sprache";s:2:"de";s:11:"Datenschutz";s:2:"Ja";}
a:4:{s:4:"Name";s:1:"d";s:5:"Email";s:11:"w@gmail.com";s:7:"Sprache";s:2:"en";s:11:"Datenschutz";s:2:"Ja";}
a:4:{s:4:"Name";s:1:"e";s:5:"Email";s:11:"v@gmail.com";s:7:"Sprache";s:2:"en";s:11:"Datenschutz";s:2:"Ja";}
a:4:{s:4:"Name";s:1:"f";s:5:"Email";s:11:"u@gmail.com";s:7:"Sprache";s:2:"en";s:11:"Datenschutz";s:2:"Ja";}
a:4:{s:4:"Name";s:5:"akcay";s:5:"Email";s:15:"akcay@gmail.com";s:7:"Sprache";s:2:"de";s:11:"Datenschutz";s:2:"Ja";}
a:4:{s:4:"Name";s:4:"dasd";s:5:"Email";s:13:"dat@gmail.com";s:7:"Sprache";s:2:"de";s:11:"Datenschutz";s:2:"Ja";}
a:4:{s:4:"Name";s:3:"dat";s:5:"Email";s:14:"dat@damail.com";s:7:"Sprache";s:2:"de";s:11:"Datenschutz";s:2:"Ja";}
a:4:{s:4:"Name";s:3:"dat";s:5:"Email";s:14:"daad@gmail.com";s:7:"Sprache";s:2:"de";s:11:"Datenschutz";s:2:"Ja";}
a:4:{s:4:"Name";s:3:"dat";s:5:"Email";s:26:"dat<p>maDoc</p>@damail.com";s:7:"Sprache";s:2:"de";s:11:"Datenschutz";s:2:"Ja";}

